,category,precision_@0.5IOU,recall_@0.5IOU
0,puffin,0.07627118644067797,0.2571428571428571
1,starfish,0.24324324324324326,0.8181818181818182
2,stingray,0.058823529411764705,0.8
3,fish,0.04616687844133842,0.43775100401606426
4,shark,0.06647398843930635,0.6052631578947368
5,jellyfish,0.031522296258329065,0.7987012987012987
6,penguin,0.05790645879732739,0.3170731707317073
